廖予銘,1,0800-000-000
Abigail Armstrong,2,0800-000-000
Anna Nash,3,0800-000-000
Mr. Leonard Martinez Jr.,4,0800-000-000
Derek Avila,5,0800-000-000
Howard Klein,6,0800-000-000
Flora Joseph,7,0800-000-000
David Gray Jr.,8,0800-000-000
Barbara Cox,9,0800-000-000
Dr. Galen Christian V,10,0800-000-000
Miss Shirley Guerrero DVM,11,0800-000-000
Robert Freeman,12,0800-000-000
Dixie Pugh DDS,13,0800-000-000
Robert Harris,14,0800-000-000
Marlon Schmidt,15,0800-000-000
Vera Green,16,0800-000-000
Mr. Michael Odonnell,17,0800-000-000
Bill King Jr.,18,0800-000-000
Frances Reed,19,0800-000-000
Dr. Gregory Cain,20,0800-000-000
Scott Miller,21,0800-000-000
Tori Jackson,22,0800-000-000
Mariana Robertson,23,0800-000-000
Dr. Robert Stone,24,0800-000-000
Miss Doris Pennington,25,0800-000-000
Michele Green DDS,26,0800-000-000
Bryan Torres,27,0800-000-000
Wyatt Zimmerman,28,0800-000-000
Hannah Sanchez,1,0800-000-000
Emily Houston,2,0800-000-000
Joe Gonzales,3,0800-000-000
Susan Rose,4,0800-000-000
Eva Williams MD,5,0800-000-000
Joseph Farley,6,0800-000-000
Mr. Braylon Miller III,7,0800-000-000
Hunter Ray,8,0800-000-000
Heather Hopkins,9,0800-000-000
Sherman Ray,10,0800-000-000
Carol Mueller,11,0800-000-000
Frank Fisher,12,0800-000-000
Margaret Johnson,13,0800-000-000
Stefanie Beck,14,0800-000-000
Lois Mendez,15,0800-000-000
Denise Cochran,16,0800-000-000
Helen Briggs,17,0800-000-000
Charlene Dixon,18,0800-000-000
Stacy Oneill,19,0800-000-000
Norman Aguirre Sr.,20,0800-000-000
Jonathan Adams,21,0800-000-000
Zachary Horton,22,0800-000-000
Renee Barker,23,0800-000-000
Michael Hurst,24,0800-000-000
Mr. Seth Fitzgerald DVM,25,0800-000-000
William Pearson,26,0800-000-000
William Davis,27,0800-000-000
Arthur Guzman,28,0800-000-000
Rose Jones,1,0800-000-000
Jose Roberson PhD,2,0800-000-000
Brandon Flores DDS,3,0800-000-000
Edward Sanchez,4,0800-000-000
Gregory Williams,5,0800-000-000
Aaliyah Rodriguez PhD,6,0800-000-000
Dr. Edward Bentley,7,0800-000-000
Fernando Pope,8,0800-000-000
Jeffrey Wang DVM,9,0800-000-000
Irvin Ross III,10,0800-000-000
Andrew Fuller,11,0800-000-000
Michael Richards,12,0800-000-000
Louise Mitchell,13,0800-000-000
Oscar Hays IV,14,0800-000-000
Charles Oliver I,15,0800-000-000
Robert Moore,16,0800-000-000
Mr. Anthony Mcintyre MD,17,0800-000-000
Christina Hughes,18,0800-000-000
Miss Catherine Benjamin DDS,19,0800-000-000
Ricky Herrera,20,0800-000-000
Dr. Billy Ray,21,0800-000-000
Vicki Castro,22,0800-000-000
Miss Sydney Peters,23,0800-000-000
Betty Brown,24,0800-000-000
Mrs. Emily Gross MD,25,0800-000-000
Dr. Nicole Contreras,26,0800-000-000
Margaret Shaw,27,0800-000-000
Dr. Martha Martin,28,0800-000-000
Anthony Fernandez,1,0800-000-000
Ms. Michaela Faulkner PhD,2,0800-000-000
Roberto Moran,3,0800-000-000
Mr. Carlos Holt,4,0800-000-000
Ms. Margaret Mcdonald DVM,5,0800-000-000
Kathy Arnold,6,0800-000-000
Dr. Annette King PhD,7,0800-000-000
Kameron Wilson,8,0800-000-000
Daniel Kidd,9,0800-000-000
Trevor Torres,10,0800-000-000
Louise Hill,11,0800-000-000
Noah Martinez DVM,12,0800-000-000
Judy Collins,13,0800-000-000
Ms. Candice Martin MD,14,0800-000-000
Isabella Walters,15,0800-000-000
Dr. Jalen Bowen III,16,0800-000-000
